 // 用户信息查询
insert into `p2p_user_info` (`user_id`, `user_account_id`, `user_name`, `user_role_code`, `parent_account_id`, `row_add_time`, `partner_id`, `last_update_time`, `marketing`) values('19','20140411020055682955','yrd001','yrd','0','2015-09-07 14:19:49','20140411020055682955','2015-09-07 14:19:49','0');
insert into `p2p_user_info` (`user_id`, `user_account_id`, `user_name`, `user_role_code`, `parent_account_id`, `row_add_time`, `partner_id`, `last_update_time`, `marketing`) values('20','20150428010000176345','yxjg001','marketing','0','2015-09-07 14:25:27','20140411020055682955','2015-09-07 14:25:27','0');
insert into `p2p_user_info` (`user_id`, `user_account_id`, `user_name`, `user_role_code`, `parent_account_id`, `row_add_time`, `partner_id`, `last_update_time`, `marketing`) values('21','20150327010000168578','brokerTest001','broker','20150327010000168578','2015-09-07 14:27:59','20140411020055682955','2015-09-07 14:27:59','20150428010000176345');
insert into `p2p_user_info` (`user_id`, `user_account_id`, `user_name`, `user_role_code`, `parent_account_id`, `row_add_time`, `partner_id`, `last_update_time`, `marketing`) values('22','20150327010000168580','investorTest001','investor','20150327010000168578','2015-09-07 18:43:26','20140411020055682955','2015-09-07 18:43:25','20150428010000176345');
insert into `p2p_user_info` (`user_id`, `user_account_id`, `user_name`, `user_role_code`, `parent_account_id`, `row_add_time`, `partner_id`, `last_update_time`, `marketing`) values('23','20150327010000168582','level2broker001','level2broker','20150327010000168578','2015-09-07 18:44:53','20140411020055682955','2015-09-07 18:44:53','20150428010000176345');
insert into `p2p_user_info` (`user_id`, `user_account_id`, `user_name`, `user_role_code`, `parent_account_id`, `row_add_time`, `partner_id`, `last_update_time`, `marketing`) values('24','20150327010000168601','investorTest002','investor','20150327010000168582','2015-09-07 18:46:28','20140411020055682955','2015-09-07 18:46:28','20150428010000176345');
insert into `p2p_user_info` (`user_id`, `user_account_id`, `user_name`, `user_role_code`, `parent_account_id`, `row_add_time`, `partner_id`, `last_update_time`, `marketing`) values('25','20150907010000471788','danbao001','guarantee','0','2015-09-07 18:47:37','20140411020055682955','2015-09-07 18:47:37','0');
insert into `p2p_user_info` (`user_id`, `user_account_id`, `user_name`, `user_role_code`, `parent_account_id`, `row_add_time`, `partner_id`, `last_update_time`, `marketing`) values('26','20150911020000473202','baojian001','sponsor','0','2015-09-07 18:48:16','20140411020055682955','2015-09-07 18:48:16','0');
insert into `p2p_user_info` (`user_id`, `user_account_id`, `user_name`, `user_role_code`, `parent_account_id`, `row_add_time`, `partner_id`, `last_update_time`, `marketing`) values('30','20151014020000573558','yxjg002','marketing','0','2015-10-14 10:16:09','20140411020055682955','2015-10-14 10:16:09','0');
insert into `p2p_user_info` (`user_id`, `user_account_id`, `user_name`, `user_role_code`, `parent_account_id`, `row_add_time`, `partner_id`, `last_update_time`, `marketing`) values('31','20151014010000573563','baojian002','loaner','0','2015-10-14 10:32:36','20140411020055682955','2015-10-14 10:32:36','0');
insert into `p2p_user_info` (`user_id`, `user_account_id`, `user_name`, `user_role_code`, `parent_account_id`, `row_add_time`, `partner_id`, `last_update_time`, `marketing`) values('32','20151014020000573755','yxjg003','marketing','0','2015-10-14 15:43:22','20140411020055682955','2015-10-14 15:43:22','0');
insert into `p2p_user_info` (`user_id`, `user_account_id`, `user_name`, `user_role_code`, `parent_account_id`, `row_add_time`, `partner_id`, `last_update_time`, `marketing`) values('33','20151014020000573759','yrd002','yrd','0','2015-10-14 15:45:28','20140411020055682955','2015-10-14 15:45:28','0');
insert into `p2p_user_info` (`user_id`, `user_account_id`, `user_name`, `user_role_code`, `parent_account_id`, `row_add_time`, `partner_id`, `last_update_time`, `marketing`) values('34','20151014010000573771','brokerTest002','broker','20151014010000573771','2015-10-14 15:55:25','20140411020055682955','2015-10-14 15:55:25','20151014020000573755');
insert into `p2p_user_info` (`user_id`, `user_account_id`, `user_name`, `user_role_code`, `parent_account_id`, `row_add_time`, `partner_id`, `last_update_time`, `marketing`) values('35','20151014010000573782','brokerTest003','broker','20151014010000573782','2015-10-14 16:07:03','20140411020055682955','2015-10-14 16:32:52','20150428010000176345');
insert into `p2p_user_info` (`user_id`, `user_account_id`, `user_name`, `user_role_code`, `parent_account_id`, `row_add_time`, `partner_id`, `last_update_time`, `marketing`) values('36','20151014010000573790','brokerTest004','broker','20151014010000573790','2015-10-14 16:20:44','20140411020055682955','2015-10-14 16:20:44','20150428010000176345');
insert into `p2p_user_info` (`user_id`, `user_account_id`, `user_name`, `user_role_code`, `parent_account_id`, `row_add_time`, `partner_id`, `last_update_time`, `marketing`) values('37','20151014010000573805','investorTest003','investor','20151014010000573782','2015-10-14 16:39:12','20140411020055682955','2015-10-14 16:39:12','20150428010000176345');
insert into `p2p_user_info` (`user_id`, `user_account_id`, `user_name`, `user_role_code`, `parent_account_id`, `row_add_time`, `partner_id`, `last_update_time`, `marketing`) values('38','20151014010000573827','investorTest004','investor','20151014010000573782','2015-10-14 17:16:27','20140411020055682955','2015-10-14 17:16:27','20150428010000176345');
insert into `p2p_user_info` (`user_id`, `user_account_id`, `user_name`, `user_role_code`, `parent_account_id`, `row_add_time`, `partner_id`, `last_update_time`, `marketing`) values('39','20151014010000573833','investorTest005','investor','20151014010000573771','2015-10-14 17:23:05','20140411020055682955','2015-10-14 17:23:05','20151014020000573755');
insert into `p2p_user_info` (`user_id`, `user_account_id`, `user_name`, `user_role_code`, `parent_account_id`, `row_add_time`, `partner_id`, `last_update_time`, `marketing`) values('40','20151014010000573837','investorTest006','investor','20151014010000573771','2015-10-14 17:25:36','20140411020055682955','2015-10-14 17:45:00','20151014020000573755');
insert into `p2p_user_info` (`user_id`, `user_account_id`, `user_name`, `user_role_code`, `parent_account_id`, `row_add_time`, `partner_id`, `last_update_time`, `marketing`) values('41','20151014010000573867','investorTest007','investor','20151014010000573771','2015-10-14 17:48:49','20140411020055682955','2015-10-14 17:48:49','20151014020000573755');
insert into `p2p_user_info` (`user_id`, `user_account_id`, `user_name`, `user_role_code`, `parent_account_id`, `row_add_time`, `partner_id`, `last_update_time`, `marketing`) values('42','20151014010000573871','investorTest008','investor','20151014010000573771','2015-10-14 17:49:45','20140411020055682955','2015-10-14 17:49:45','20151014020000573755');

 // 分润模版（筹资阶段分润模版，还款阶段分润模版）
INSERT INTO `p2p_divistion_templ_detail` (`detail_id`, `template_name`, `divistion_phase`, `template_status`, `create_date`, `last_modify_date`, `template_note`) VALUES('71','还款阶段AllROLE','repay','normal','2014-05-14 10:54:29','2014-10-30 14:04:17','备注');
INSERT INTO `p2p_divistion_templ_detail` (`detail_id`, `template_name`, `divistion_phase`, `template_status`, `create_date`, `last_modify_date`, `template_note`) VALUES('72','募资阶段AllROLE','invest','normal','2014-05-14 10:54:48','2014-10-30 14:04:45','备注');
INSERT INTO `p2p_divistion_templ_detail` (`detail_id`, `template_name`, `divistion_phase`, `template_status`, `create_date`, `last_modify_date`, `template_note`) VALUES('73','还款阶段(无二级经纪人)','repay','normal','2014-05-14 10:54:29','2014-10-30 14:04:17','备注');
INSERT INTO `p2p_divistion_templ_detail` (`detail_id`, `template_name`, `divistion_phase`, `template_status`, `create_date`, `last_modify_date`, `template_note`) VALUES('74','募资阶段(无二级经纪人)','invest','normal','2014-05-14 10:54:48','2014-10-30 14:04:45','备注');
INSERT INTO `p2p_divistion_templ_detail` (`detail_id`, `template_name`, `divistion_phase`, `template_status`, `create_date`, `last_modify_date`, `template_note`) VALUES('78','募资All除二级经纪人','invest','normal','2014-05-14 10:54:29','2014-10-30 14:04:17','备注');
INSERT INTO `p2p_divistion_templ_detail` (`detail_id`, `template_name`, `divistion_phase`, `template_status`, `create_date`, `last_modify_date`, `template_note`) VALUES('75','募资模板only12','invest','normal','2014-05-14 14:25:13','2014-10-30 17:40:52','备注');
INSERT INTO `p2p_divistion_templ_detail` (`detail_id`, `template_name`, `divistion_phase`, `template_status`, `create_date`, `last_modify_date`, `template_note`) VALUES('76','募资only10/11','invest','normal','2014-05-18 16:06:28','2014-05-18 16:06:28','备注');
INSERT INTO `p2p_divistion_templ_detail` (`detail_id`, `template_name`, `divistion_phase`, `template_status`, `create_date`, `last_modify_date`, `template_note`) VALUES('77','模板only7/12','invest','normal','2014-05-18 17:35:50','2014-05-18 17:35:50','备注');
INSERT INTO `p2p_divistion_templ_detail` (`detail_id`, `template_name`, `divistion_phase`, `template_status`, `create_date`, `last_modify_date`, `template_note`) VALUES('79','募资only10','invest','normal','2014-05-28 10:16:56','2014-06-23 15:26:04','备注');
INSERT INTO `p2p_divistion_templ_detail` (`detail_id`, `template_name`, `divistion_phase`, `template_status`, `create_date`, `last_modify_date`, `template_note`) VALUES('80','募资only7/12','invest','normal','2014-05-28 10:18:01','2014-05-28 10:18:01','备注');
INSERT INTO `p2p_divistion_templ_detail` (`detail_id`, `template_name`, `divistion_phase`, `template_status`, `create_date`, `last_modify_date`, `template_note`) VALUES('82','募资only10','invest','normal','2014-05-29 09:34:07','2014-06-23 16:51:40','备注');
INSERT INTO `p2p_divistion_templ_detail` (`detail_id`, `template_name`, `divistion_phase`, `template_status`, `create_date`, `last_modify_date`, `template_note`) VALUES('83','募资无only7/11','invest','normal','2014-05-29 09:34:44','2014-05-29 09:34:44','备注');

INSERT INTO `p2p_divistion_templ_detail` (`detail_id`, `template_name`, `divistion_phase`, `template_status`, `create_date`, `last_modify_date`, `template_note`) VALUES('100','二级经纪人募资','invest','normal','2015-03-25 14:00:49','2015-03-25 14:00:49','备注');
INSERT INTO `p2p_divistion_templ_detail` (`detail_id`, `template_name`, `divistion_phase`, `template_status`, `create_date`, `last_modify_date`, `template_note`) VALUES('101','二级经纪人还款','repay','normal','2015-03-25 14:01:21','2015-03-25 14:01:21','备注');


INSERT INTO `p2p_divistion_templ_rule` (`rule_id`, `detail_id`, `role_code`, `divistion_rule`) VALUES('250','100','investor','2');
INSERT INTO `p2p_divistion_templ_rule` (`rule_id`, `detail_id`, `role_code`, `divistion_rule`) VALUES('251','100','yrd','1');
INSERT INTO `p2p_divistion_templ_rule` (`rule_id`, `detail_id`, `role_code`, `divistion_rule`) VALUES('252','100','guarantee','0');
INSERT INTO `p2p_divistion_templ_rule` (`rule_id`, `detail_id`, `role_code`, `divistion_rule`) VALUES('253','100','marketing','2');
INSERT INTO `p2p_divistion_templ_rule` (`rule_id`, `detail_id`, `role_code`, `divistion_rule`) VALUES('254','100','broker','3');
INSERT INTO `p2p_divistion_templ_rule` (`rule_id`, `detail_id`, `role_code`, `divistion_rule`) VALUES('255','100','level2broker','2');
INSERT INTO `p2p_divistion_templ_rule` (`rule_id`, `detail_id`, `role_code`, `divistion_rule`) VALUES('256','101','yrd','1');
INSERT INTO `p2p_divistion_templ_rule` (`rule_id`, `detail_id`, `role_code`, `divistion_rule`) VALUES('257','101','investor','9');
INSERT INTO `p2p_divistion_templ_rule` (`rule_id`, `detail_id`, `role_code`, `divistion_rule`) VALUES('258','101','guarantee','1');
INSERT INTO `p2p_divistion_templ_rule` (`rule_id`, `detail_id`, `role_code`, `divistion_rule`) VALUES('259','101','marketing','1');
INSERT INTO `p2p_divistion_templ_rule` (`rule_id`, `detail_id`, `role_code`, `divistion_rule`) VALUES('260','101','broker','1');
INSERT INTO `p2p_divistion_templ_rule` (`rule_id`, `detail_id`, `role_code`, `divistion_rule`) VALUES('261','101','level2broker','1');

INSERT INTO `p2p_divistion_templ_rule` (`rule_id`, `detail_id`, `role_code`, `divistion_rule`) VALUES('29','73','yrd','3');
INSERT INTO `p2p_divistion_templ_rule` (`rule_id`, `detail_id`, `role_code`, `divistion_rule`) VALUES('30','73','investor','8');
INSERT INTO `p2p_divistion_templ_rule` (`rule_id`, `detail_id`, `role_code`, `divistion_rule`) VALUES('31','73','guarantee','1');
INSERT INTO `p2p_divistion_templ_rule` (`rule_id`, `detail_id`, `role_code`, `divistion_rule`) VALUES('32','73','sponsor','1');
INSERT INTO `p2p_divistion_templ_rule` (`rule_id`, `detail_id`, `role_code`, `divistion_rule`) VALUES('33','73','marketing','1.5');
INSERT INTO `p2p_divistion_templ_rule` (`rule_id`, `detail_id`, `role_code`, `divistion_rule`) VALUES('34','73','broker','2');
INSERT INTO `p2p_divistion_templ_rule` (`rule_id`, `detail_id`, `role_code`, `divistion_rule`) VALUES('35','74','yrd','2');
INSERT INTO `p2p_divistion_templ_rule` (`rule_id`, `detail_id`, `role_code`, `divistion_rule`) VALUES('36','74','investor','1');
INSERT INTO `p2p_divistion_templ_rule` (`rule_id`, `detail_id`, `role_code`, `divistion_rule`) VALUES('37','74','guarantee','1');
INSERT INTO `p2p_divistion_templ_rule` (`rule_id`, `detail_id`, `role_code`, `divistion_rule`) VALUES('38','74','sponsor','1');
INSERT INTO `p2p_divistion_templ_rule` (`rule_id`, `detail_id`, `role_code`, `divistion_rule`) VALUES('39','74','marketing','1.5');
INSERT INTO `p2p_divistion_templ_rule` (`rule_id`, `detail_id`, `role_code`, `divistion_rule`) VALUES('40','74','broker','2');

INSERT INTO `p2p_divistion_templ_rule` (`rule_id`, `detail_id`, `role_code`, `divistion_rule`) VALUES('15','71','yrd','3');
INSERT INTO `p2p_divistion_templ_rule` (`rule_id`, `detail_id`, `role_code`, `divistion_rule`) VALUES('16','71','investor','10');
INSERT INTO `p2p_divistion_templ_rule` (`rule_id`, `detail_id`, `role_code`, `divistion_rule`) VALUES('17','71','guarantee','1');
INSERT INTO `p2p_divistion_templ_rule` (`rule_id`, `detail_id`, `role_code`, `divistion_rule`) VALUES('18','71','sponsor','1');
INSERT INTO `p2p_divistion_templ_rule` (`rule_id`, `detail_id`, `role_code`, `divistion_rule`) VALUES('19','71','marketing','1.5');
INSERT INTO `p2p_divistion_templ_rule` (`rule_id`, `detail_id`, `role_code`, `divistion_rule`) VALUES('20','71','broker','2');
INSERT INTO `p2p_divistion_templ_rule` (`rule_id`, `detail_id`, `role_code`, `divistion_rule`) VALUES('21','71','level2broker','1');
INSERT INTO `p2p_divistion_templ_rule` (`rule_id`, `detail_id`, `role_code`, `divistion_rule`) VALUES('22','72','yrd','2');
INSERT INTO `p2p_divistion_templ_rule` (`rule_id`, `detail_id`, `role_code`, `divistion_rule`) VALUES('23','72','investor','1');
INSERT INTO `p2p_divistion_templ_rule` (`rule_id`, `detail_id`, `role_code`, `divistion_rule`) VALUES('24','72','guarantee','1');
INSERT INTO `p2p_divistion_templ_rule` (`rule_id`, `detail_id`, `role_code`, `divistion_rule`) VALUES('25','72','sponsor','1');
INSERT INTO `p2p_divistion_templ_rule` (`rule_id`, `detail_id`, `role_code`, `divistion_rule`) VALUES('26','72','marketing','1');
INSERT INTO `p2p_divistion_templ_rule` (`rule_id`, `detail_id`, `role_code`, `divistion_rule`) VALUES('27','72','broker','1');
INSERT INTO `p2p_divistion_templ_rule` (`rule_id`, `detail_id`, `role_code`, `divistion_rule`) VALUES('28','72','level2broker','1');

INSERT INTO `p2p_divistion_templ_rule` (`rule_id`, `detail_id`, `role_code`, `divistion_rule`) VALUES('200','78','yrd','1');
INSERT INTO `p2p_divistion_templ_rule` (`rule_id`, `detail_id`, `role_code`, `divistion_rule`) VALUES('201','78','investor','2');
INSERT INTO `p2p_divistion_templ_rule` (`rule_id`, `detail_id`, `role_code`, `divistion_rule`) VALUES('202','78','guarantee','3');
INSERT INTO `p2p_divistion_templ_rule` (`rule_id`, `detail_id`, `role_code`, `divistion_rule`) VALUES('203','78','sponsor','4');
INSERT INTO `p2p_divistion_templ_rule` (`rule_id`, `detail_id`, `role_code`, `divistion_rule`) VALUES('204','78','marketing','5');
INSERT INTO `p2p_divistion_templ_rule` (`rule_id`, `detail_id`, `role_code`, `divistion_rule`) VALUES('205','78','broker','6');
INSERT INTO `p2p_divistion_templ_rule` (`rule_id`, `detail_id`, `role_code`, `divistion_rule`) VALUES('206','75','investor','9');
INSERT INTO `p2p_divistion_templ_rule` (`rule_id`, `detail_id`, `role_code`, `divistion_rule`) VALUES('207','75','guarantee','0');
INSERT INTO `p2p_divistion_templ_rule` (`rule_id`, `detail_id`, `role_code`, `divistion_rule`) VALUES('208','76','guarantee','0');
INSERT INTO `p2p_divistion_templ_rule` (`rule_id`, `detail_id`, `role_code`, `divistion_rule`) VALUES('209','76','marketing','1');
INSERT INTO `p2p_divistion_templ_rule` (`rule_id`, `detail_id`, `role_code`, `divistion_rule`) VALUES('210','76','broker','1');
INSERT INTO `p2p_divistion_templ_rule` (`rule_id`, `detail_id`, `role_code`, `divistion_rule`) VALUES('211','77','yrd','2');
INSERT INTO `p2p_divistion_templ_rule` (`rule_id`, `detail_id`, `role_code`, `divistion_rule`) VALUES('212','77','investor','0');
INSERT INTO `p2p_divistion_templ_rule` (`rule_id`, `detail_id`, `role_code`, `divistion_rule`) VALUES('213','77','marketing','0');
INSERT INTO `p2p_divistion_templ_rule` (`rule_id`, `detail_id`, `role_code`, `divistion_rule`) VALUES('214','77','broker','0');
INSERT INTO `p2p_divistion_templ_rule` (`rule_id`, `detail_id`, `role_code`, `divistion_rule`) VALUES('215','79','investor','0');
INSERT INTO `p2p_divistion_templ_rule` (`rule_id`, `detail_id`, `role_code`, `divistion_rule`) VALUES('216','79','yrd','0');
INSERT INTO `p2p_divistion_templ_rule` (`rule_id`, `detail_id`, `role_code`, `divistion_rule`) VALUES('217','79','broker','0');
INSERT INTO `p2p_divistion_templ_rule` (`rule_id`, `detail_id`, `role_code`, `divistion_rule`) VALUES('218','79','marketing','2');
INSERT INTO `p2p_divistion_templ_rule` (`rule_id`, `detail_id`, `role_code`, `divistion_rule`) VALUES('219','80','investor','8');
INSERT INTO `p2p_divistion_templ_rule` (`rule_id`, `detail_id`, `role_code`, `divistion_rule`) VALUES('220','80','guarantee','0');
INSERT INTO `p2p_divistion_templ_rule` (`rule_id`, `detail_id`, `role_code`, `divistion_rule`) VALUES('221','80','yrd','2');
INSERT INTO `p2p_divistion_templ_rule` (`rule_id`, `detail_id`, `role_code`, `divistion_rule`) VALUES('222','82','marketing','3');
INSERT INTO `p2p_divistion_templ_rule` (`rule_id`, `detail_id`, `role_code`, `divistion_rule`) VALUES('223','83','yrd','4');
INSERT INTO `p2p_divistion_templ_rule` (`rule_id`, `detail_id`, `role_code`, `divistion_rule`) VALUES('224','83','broker','3');

